SCRIPT_CHAPTER1_0_0,1,0,CHAPTER1,소녀. 엘. 다섯 살.,1
SCRIPT_CHAPTER1_0_1,1,0,CHAPTER1,시간이 흘러도 그날의 악몽은 사라지지 않았다.,1
SCRIPT_CHAPTER1_0_2,1,0,CHAPTER1,사랑하는 부모가 눈앞에서 차갑게 식어가던 그 광경.,1
SCRIPT_CHAPTER1_0_3,1,0,CHAPTER1,그 끔찍한 기억은 매일 밤 꿈속에서 되살아나 그녀를 괴롭혔다.,0.5
SCRIPT_CHAPTER1_0_4,1,0,CHAPTER1,,0.5
SCRIPT_CHAPTER1_0_5,1,0,CHAPTER1,평화로운 숲에서 지내던 어느 날 엘은 입술을 깨물며 말했다.,0.5
SCRIPT_CHAPTER1_0_6,1,0,CHAPTER1,,0.5
SCRIPT_CHAPTER1_0_7,1,0,CHAPTER1,“...강해지고 싶어요. 당신처럼.”,0.5
SCRIPT_CHAPTER1_0_8,1,0,CHAPTER1,,0.5
SCRIPT_CHAPTER1_0_9,1,0,CHAPTER1,남자는 잠시 눈길을 고정한 채 엘을 지켜보았다.,0.5
SCRIPT_CHAPTER1_0_10,1,0,CHAPTER1,,0.5
SCRIPT_CHAPTER1_0_11,1,0,CHAPTER1,“저에게 검을 알려주세요.,1
SCRIPT_CHAPTER1_0_12,1,0,CHAPTER1,그때처럼 무력하게 모든 걸 잃고 싶지 않아요.,1
SCRIPT_CHAPTER1_0_13,1,0,CHAPTER1,이제는 소중한 것들을 지키고 싶습니다.”,0.5
SCRIPT_CHAPTER1_0_14,1,0,CHAPTER1,,0.5
SCRIPT_CHAPTER1_0_15,1,0,CHAPTER1,남자는 대답 대신 침묵으로 응했다.,1
SCRIPT_CHAPTER1_0_16,1,0,CHAPTER1,그 눈빛은 쉽게 읽히지 않았다.,1
SCRIPT_CHAPTER1_0_17,1,0,CHAPTER1,길고 긴 정적 끝에 그의 입이 열렸다.,1
SCRIPT_CHAPTER1_0_18,1,0,CHAPTER1,“...좋다.”,0.5
SCRIPT_CHAPTER1_0_19,1,0,CHAPTER1,,0.5
SCRIPT_CHAPTER1_0_20,1,0,CHAPTER1,내심 거절당할까 불안했던 엘의 얼굴이 환하게 밝아졌다.,0.5
SCRIPT_CHAPTER1_0_21,1,0,CHAPTER1,“정말—”,0.5
SCRIPT_CHAPTER1_0_22,1,0,CHAPTER1,,0.5
SCRIPT_CHAPTER1_0_23,1,0,CHAPTER1,“하지만.”,1
SCRIPT_CHAPTER1_0_24,1,0,CHAPTER1,단호한 목소리가 그녀의 말을 끊었다. 남자의 표정은 어느새 굳어 있었다.,0.5
SCRIPT_CHAPTER1_0_25,1,0,CHAPTER1,,0.5
SCRIPT_CHAPTER1_0_26,1,0,CHAPTER1,“지키고자 하는 마음. 그것이 사라진다면... 나는 단 한 자루의 검도 가르치지 않겠다.”,0.5
SCRIPT_CHAPTER1_0_27,1,0,CHAPTER1,,0.5
SCRIPT_CHAPTER1_0_28,1,0,CHAPTER1,엘은 깊은 숨을 내쉬며 고개를 끄덕였다.,0.5
SCRIPT_CHAPTER1_0_29,1,0,CHAPTER1,,0.5
SCRIPT_CHAPTER1_0_30,1,0,CHAPTER1,엘이 고개를 끄덕거리는 것을 본 남자는 자신의 허리춤에 있는 검을 풀어 엘에게 주었다.,0.5
SCRIPT_CHAPTER1_0_31,1,0,CHAPTER1,,0.5
SCRIPT_CHAPTER1_0_32,1,0,CHAPTER1,"""검을 잡아라. 그리고 너의 마음이 움직이는대로 검을 움직여라.""",0.5
SCRIPT_CHAPTER1_0_33,1,0,CHAPTER1,,0.5
SCRIPT_CHAPTER1_0_34,1,0,CHAPTER1,검을 받은 엘은 검집 속 검을 뽑았다. 그리고—,1
SCRIPT_CHAPTER1_1_0,1,1,CHAPTER1,소녀. 엘. 일곱 살.,1
SCRIPT_CHAPTER1_1_1,1,1,CHAPTER1,검을 받은지도 어년 2년.,1
SCRIPT_CHAPTER1_1_2,1,1,CHAPTER1,2년 동안 엘은 묵묵히 검을 휘둘렀다.,0.5
SCRIPT_CHAPTER1_1_3,1,1,CHAPTER1,,0.5
SCRIPT_CHAPTER1_1_4,1,1,CHAPTER1,여느때와 같이 아침 일찍 일어나 수련을 한다.,0.5
SCRIPT_CHAPTER1_1_5,1,1,CHAPTER1,,0.5
SCRIPT_CHAPTER1_1_6,1,1,CHAPTER1,수련을 마치고 잠시 숨을 돌리며 생각했다.,1
SCRIPT_CHAPTER1_1_7,1,1,CHAPTER1,오늘은 무엇을 할까?',1
SCRIPT_CHAPTER1_2_0,1,2,CHAPTER1,소녀. 엘. 9살,1
SCRIPT_CHAPTER1_2_1,1,2,CHAPTER1,요즘 마을에 갈 때마다 뒤숭숭한 소문이 귀에 들린다.,1
SCRIPT_CHAPTER1_2_2,1,2,CHAPTER1,타락한 정령을 숲에서 보았다.' 라는 소문.,0.5
SCRIPT_CHAPTER1_2_3,1,2,CHAPTER1,,0.5
SCRIPT_CHAPTER1_2_4,1,2,CHAPTER1,그 소문이 들릴때 마다 어릴 적 그 일이 생각나 가슴이 욱씬거린다.,0.5
SCRIPT_CHAPTER1_2_5,1,2,CHAPTER1,,0.5
SCRIPT_CHAPTER1_2_6,1,2,CHAPTER1,애써 무시하며 마을을 나와 집으로 가던 중. 엘은 두 눈을 의심했다.,1
SCRIPT_CHAPTER1_2_7,1,2,CHAPTER1,숲 속 사이. 타락한 정령이 보였다.,0.5
SCRIPT_CHAPTER1_2_8,1,2,CHAPTER1,,0.5
SCRIPT_CHAPTER1_2_9,1,2,CHAPTER1,엘은 정령을 쫓아 숲 속으로 들어갔다.,1
SCRIPT_CHAPTER1_2_10,1,2,CHAPTER1,나뭇가지에 긁혀 몸에 상처가 나는 것도 알지 못한채. 엘은 정령을 뒤쫓아갔다.,0.5
SCRIPT_CHAPTER1_2_11,1,2,CHAPTER1,,0.5
SCRIPT_CHAPTER1_2_12,1,2,CHAPTER1,마침내 마주한 정령. 어릴 적 부모님을 죽이고 마을 사람들을 죽인 정령들과 같은 모습이였다.,1
SCRIPT_CHAPTER1_2_13,1,2,CHAPTER1,분노를 참지 못한 엘은 정령에게 달려들었다.,1
SCRIPT_CHAPTER1_3_0,1,3,CHAPTER1,소녀. 엘. 10살,1
SCRIPT_CHAPTER1_3_1,1,3,CHAPTER1,오늘은 무엇을 할까?,1
SCRIPT_CHAPTER1_9_0,1,9,CHAPTER1,숲의 중심 부로 들어왔다.,1
SCRIPT_CHAPTER1_9_1,1,9,CHAPTER1,타락한 정령 보스와 전투,1